OEM,Brand,Description,Price USD,Qty
w712/75,MANN,Oil filter,6.80,50
C-25114,MANN,Air filter,15.40,30
WK 820/1,MANN,Fuel filter,30.20,12
gdb-1330,TRW,Front brake pads,38.90,18
BKR6E11,NGK,Spark plug,4.20,300
lkr8a,NGK,Spark plug,5.40,220
6pk1745,Gates,Drive belt,21.50,20
K01-5603XS,Gates,Timing belt kit,89.00,8
W940/25,MANN,Oil filter,9.10,40
C30195,MANN,Air filter,18.70,22
CUK2939,MANN,Cabin filter carbon,24.30,15
WK9016,MANN,Fuel filter,41.50,9
GDB1789,TRW,Rear brake pads,29.60,16
DF6068,TRW,Brake disc,52.40,10
BCPR6ES-11,NGK,Spark plug,3.90,260
ILZKR7B11,NGK,Iridium spark plug,11.80,120
7PK1795,Gates,Drive belt,26.10,14
5491XS,Gates,Timing belt,17.30,18
0986452041,Bosch,Oil filter,7.40,55
F026407023,Bosch,Oil filter,8.20,48
0986424255,Bosch,Front brake pads,34.80,20
VKBA3643,SKF,Wheel bearing,44.90,6
VKMA01148,SKF,Timing belt kit,78.50,7
OC90,Mahle,Oil filter,6.30,60
LX1566,Mahle,Air filter,16.90,17
24012,Febi,Stabilizer link,10.20,35
08560,Febi,Shock absorber boot,4.10,40
PLKR7A,NGK,Spark plug,7.10,80
T1050,Gates,Timing belt,15.60,20
HU7008z,MANN,Oil filter,12.40,28
