Артикул;Бренд;Наименование;Цена;Остаток
W712/75;MANN;Фильтр масляный;512,00;34
C25114;MANN;Фильтр воздушный;1 180,00;20
CU2545;MANN;Фильтр салонный;890,50;15
WK820/1;MANN;Фильтр топливный;2 340,00;8
HU719/7x;MANN;Фильтр масляный;745,00;25
GDB1330;TRW;Колодки тормозные передние;2 890,00;12
GDB1550;TRW;Колодки тормозные задние;2 150,00;9
BKR6E-11;NGK;Свеча зажигания;320,00;200
LKR8A;NGK;Свеча зажигания;410,00;150
5PK1110;Gates;Ремень приводной;1 090,00;18
6PK1745;Gates;Ремень приводной;1 620,00;14
K015603XS;Gates;Комплект ГРМ;6 750,00;6
W719/30;MANN;Фильтр масляный;690,00;22
C1858/1;MANN;Фильтр воздушный;980,00;16
GDB1621;TRW;Колодки тормозные передние;3 240,00;7
DF4184;TRW;Диск тормозной;3 980,00;10
BCPR6ES;NGK;Свеча зажигания;290,00;180
4PK1025;Gates;Ремень приводной;780,00;20
OX171/2D;Mahle;Фильтр масляный;620,00;18
LX1780;Mahle;Фильтр воздушный;1 410,00;8
0451103316;Bosch;Фильтр масляный;540,00;40
F026400060;Bosch;Фильтр воздушный;1 250,00;12
0986424815;Bosch;Колодки тормозные;2 450,00;11
VKBA3644;SKF;Подшипник ступицы;4 120,00;5
VKMA03259;SKF;Комплект ГРМ;7 300,00;4
VKPC81230;SKF;Помпа водяная;3 560,00;6
31356;Febi;Стойка стабилизатора;890,00;30
26060;Febi;Пыльник амортизатора;350,00;25
PFR7B;NGK;Свеча зажигания;690,00;45
5578XS;Gates;Ремень ГРМ;990,00;12
